"","genes","p_val","avg_logFC","pct.1","pct.2","p_val_adj","cluster","gene","description"
"1","PHGR1",0,1.2157602473861,0.993,0.647,0,"SNU719_DMSO","PHGR1","proline, histidine and glycine rich 1 [Source:HGNC Symbol;Acc:HGNC:37226]"
"2","LYZ",0,1.21469372925052,0.999,0.945,0,"SNU719_DMSO","LYZ","lysozyme [Source:HGNC Symbol;Acc:HGNC:6740]"
"3","ID3",0,0.986334329994886,0.912,0.46,0,"SNU719_DMSO","ID3","inhibitor of DNA binding 3, HLH protein [Source:HGNC Symbol;Acc:HGNC:5362]"
"4","AC007405.3",0,0.717808613653964,0.93,0.524,0,"SNU719_DMSO","AC007405.3","glutamate rich 2 [Source:NCBI gene;Acc:285141]"
"5","IGFBP2",0,0.669050276217178,0.995,0.912,0,"SNU719_DMSO","IGFBP2","insulin like growth factor binding protein 2 [Source:HGNC Symbol;Acc:HGNC:5471]"
"6","PTMA",0,0.656203585174088,1,1,0,"SNU719_DMSO","PTMA","prothymosin alpha [Source:HGNC Symbol;Acc:HGNC:9623]"
"7","NTM",0,0.627922420255556,0.85,0.29,0,"SNU719_DMSO","NTM","neurotrimin [Source:HGNC Symbol;Acc:HGNC:17941]"
"8","MT-ND4L",0,0.523502923699689,0.999,0.994,0,"SNU719_DMSO","MT-ND4L","mitochondrially encoded NADH:ubiquinone oxidoreductase core subunit 4L [Source:HGNC Symbol;Acc:HGNC:7460]"
"9","GAPDH",0,0.505840716512843,1,1,0,"SNU719_DMSO","GAPDH","glyceraldehyde-3-phosphate dehydrogenase [Source:HGNC Symbol;Acc:HGNC:4141]"
"10","RPS17",0,0.484654093011475,1,1,0,"SNU719_DMSO","RPS17","ribosomal protein S17 [Source:HGNC Symbol;Acc:HGNC:10397]"
"11","MT-ND3",0,0.481276061122977,1,0.998,0,"SNU719_DMSO","MT-ND3","mitochondrially encoded NADH:ubiquinone oxidoreductase core subunit 3 [Source:HGNC Symbol;Acc:HGNC:7458]"
"12","MT-ND2",0,0.466701124389797,1,1,0,"SNU719_DMSO","MT-ND2","mitochondrially encoded NADH:ubiquinone oxidoreductase core subunit 2 [Source:HGNC Symbol;Acc:HGNC:7456]"
"13","CDC42EP5",0,0.445267942015842,0.979,0.854,0,"SNU719_DMSO","CDC42EP5","CDC42 effector protein 5 [Source:HGNC Symbol;Acc:HGNC:17408]"
"14","MT-ND4",0,0.437168788079033,1,1,0,"SNU719_DMSO","MT-ND4","mitochondrially encoded NADH:ubiquinone oxidoreductase core subunit 4 [Source:HGNC Symbol;Acc:HGNC:7459]"
"15","ADAMTS6",0,0.431414970369483,0.784,0.279,0,"SNU719_DMSO","ADAMTS6","ADAM metallopeptidase with thrombospondin type 1 motif 6 [Source:HGNC Symbol;Acc:HGNC:222]"
"16","HSD11B2",0,0.425590551629507,0.855,0.445,0,"SNU719_DMSO","HSD11B2","hydroxysteroid 11-beta dehydrogenase 2 [Source:HGNC Symbol;Acc:HGNC:5209]"
"17","ELOB",0,0.40175735352747,1,1,0,"SNU719_DMSO","ELOB","elongin B [Source:HGNC Symbol;Acc:HGNC:11619]"
"18","MT-ND1",0,0.39237650603089,1,1,0,"SNU719_DMSO","MT-ND1","mitochondrially encoded NADH:ubiquinone oxidoreductase core subunit 1 [Source:HGNC Symbol;Acc:HGNC:7455]"
"19","GPA33",0,0.337943894785961,0.686,0.051,0,"SNU719_DMSO","GPA33","glycoprotein A33 [Source:HGNC Symbol;Acc:HGNC:4445]"
"20","DDC",0,0.280687797181301,0.698,0.169,0,"SNU719_DMSO","DDC","dopa decarboxylase [Source:HGNC Symbol;Acc:HGNC:2719]"
"21","FERMT1",3.63903643435424e-304,0.462770040108389,0.997,0.978,7.36286241762893e-300,"SNU719_DMSO","FERMT1","fermitin family member 1 [Source:HGNC Symbol;Acc:HGNC:15889]"
"22","ERICH2",3.92569644638266e-303,0.493858314209737,0.868,0.483,7.94286161996604e-299,"SNU719_DMSO","ERICH2","glutamate rich 2 [Source:HGNC Symbol;Acc:HGNC:44395]"
"23","AC020656.1",3.99624248541516e-301,0.715242756648157,0.976,0.696,8.08559742074049e-297,"SNU719_DMSO","AC020656.1","novel transcript, antisense to LYZ"
"24","MLEC",1.21595265084619e-297,0.435589987000873,0.995,0.978,2.46023699845709e-293,"SNU719_DMSO","MLEC","malectin [Source:HGNC Symbol;Acc:HGNC:28973]"
"25","HNRNPA1",1.91019666135751e-295,0.481861289101829,1,1,3.86490090492464e-291,"SNU719_DMSO","HNRNPA1","heterogeneous nuclear ribonucleoprotein A1 [Source:HGNC Symbol;Acc:HGNC:5031]"
"26","PEBP1",2.03606410493741e-290,0.410700403517664,0.999,0.991,4.11956850351986e-286,"SNU719_DMSO","PEBP1","phosphatidylethanolamine binding protein 1 [Source:HGNC Symbol;Acc:HGNC:8630]"
"27","ST6GALNAC1",2.845356077872e-279,0.366094749128915,0.907,0.6,5.75700895235842e-275,"SNU719_DMSO","ST6GALNAC1","ST6 N-acetylgalactosaminide alpha-2,6-sialyltransferase 1 [Source:HGNC Symbol;Acc:HGNC:23614]"
"28","CKLF",9.14994027221171e-276,0.473562380957985,0.998,0.984,1.8513074152766e-271,"SNU719_DMSO","CKLF","chemokine like factor [Source:HGNC Symbol;Acc:HGNC:13253]"
"29","GPI",1.82624000978799e-267,0.343204979763357,0.994,0.96,3.69503141180403e-263,"SNU719_DMSO","GPI","glucose-6-phosphate isomerase [Source:HGNC Symbol;Acc:HGNC:4458]"
"30","RPL17",4.3758630229841e-264,0.352841485653655,0.998,0.996,8.85368365440374e-260,"SNU719_DMSO","RPL17","ribosomal protein L17 [Source:HGNC Symbol;Acc:HGNC:10307]"
"31","RBMX",6.42729518547782e-263,0.412261296573207,0.993,0.954,1.30043463487773e-258,"SNU719_DMSO","RBMX","RNA binding motif protein X-linked [Source:HGNC Symbol;Acc:HGNC:9910]"
"32","IDH2",7.75536164918555e-259,0.38528010797342,0.974,0.882,1.56914232247971e-254,"SNU719_DMSO","IDH2","isocitrate dehydrogenase (NADP(+)) 2, mitochondrial [Source:HGNC Symbol;Acc:HGNC:5383]"
"33","C1orf21",3.38119565666504e-257,0.294456548189274,0.771,0.349,6.84117317213037e-253,"SNU719_DMSO","C1orf21","chromosome 1 open reading frame 21 [Source:HGNC Symbol;Acc:HGNC:15494]"
"34","H3F3A",4.89581236465201e-254,0.344536340548552,1,1,9.90569715740042e-250,"SNU719_DMSO","H3F3A","H3 histone family member 3A [Source:HGNC Symbol;Acc:HGNC:4764]"
"35","ETV4",3.10409787486544e-253,0.339932523563207,0.905,0.653,6.28052123021524e-249,"SNU719_DMSO","ETV4","ETS variant 4 [Source:HGNC Symbol;Acc:HGNC:3493]"
"36","PSMA2",8.42110105637059e-253,0.381622812851861,0.995,0.992,1.70384137673546e-248,"SNU719_DMSO","PSMA2","proteasome subunit alpha 2 [Source:HGNC Symbol;Acc:HGNC:9531]"
"37","CLU",5.83237202793239e-251,0.33975431126055,0.815,0.403,1.18006383241156e-246,"SNU719_DMSO","CLU","clusterin [Source:HGNC Symbol;Acc:HGNC:2095]"
"38","RPS10",2.16185343291818e-246,0.369155851451952,1,1,4.37407805082336e-242,"SNU719_DMSO","RPS10","ribosomal protein S10 [Source:HGNC Symbol;Acc:HGNC:10383]"
"39","NDUFA7",9.4278021451428e-242,0.302962944055577,0.903,0.67,1.90752720802674e-237,"SNU719_DMSO","NDUFA7","NADH:ubiquinone oxidoreductase subunit A7 [Source:HGNC Symbol;Acc:HGNC:7691]"
"40","NEB",1.9866679219763e-239,0.287227682525797,0.654,0.203,4.01962520653465e-235,"SNU719_DMSO","NEB","nebulin [Source:HGNC Symbol;Acc:HGNC:7720]"
"41","HNRNPA1P48",7.74887558355151e-238,0.300651788554796,0.851,0.53,1.56782999681998e-233,"SNU719_DMSO","HNRNPA1P48","heterogeneous nuclear ribonucleoprotein A1 pseudogene 48 [Source:HGNC Symbol;Acc:HGNC:48778]"
"42","GGCT",5.52665707974036e-234,0.397800089817846,0.992,0.972,1.11820852694387e-229,"SNU719_DMSO","GGCT","gamma-glutamylcyclotransferase [Source:HGNC Symbol;Acc:HGNC:21705]"
"43","COX8A",4.09043719063251e-230,0.297365875092473,1,1,8.27618156780676e-226,"SNU719_DMSO","COX8A","cytochrome c oxidase subunit 8A [Source:HGNC Symbol;Acc:HGNC:2294]"
"44","HIBCH",9.08408411756392e-226,0.381349726608627,0.894,0.674,1.83798273950671e-221,"SNU719_DMSO","HIBCH","3-hydroxyisobutyryl-CoA hydrolase [Source:HGNC Symbol;Acc:HGNC:4908]"
"45","MT-ATP6",1.94498629932037e-223,0.371712950325912,1,1,3.9352907794149e-219,"SNU719_DMSO","MT-ATP6","mitochondrially encoded ATP synthase membrane subunit 6 [Source:HGNC Symbol;Acc:HGNC:7414]"
"46","DBI",4.04085676739558e-218,0.384882453902114,0.992,0.988,8.17586549747147e-214,"SNU719_DMSO","DBI","diazepam binding inhibitor, acyl-CoA binding protein [Source:HGNC Symbol;Acc:HGNC:2690]"
"47","PABPC1",4.82919279010446e-218,0.292951668073479,1,0.999,9.77090577221836e-214,"SNU719_DMSO","PABPC1","poly(A) binding protein cytoplasmic 1 [Source:HGNC Symbol;Acc:HGNC:8554]"
"48","NDUFA13",7.16468357078104e-218,0.345582400962364,0.987,0.954,1.44963042687613e-213,"SNU719_DMSO","NDUFA13","NADH:ubiquinone oxidoreductase subunit A13 [Source:HGNC Symbol;Acc:HGNC:17194]"
"49","AC007405.1",1.96548929164929e-212,0.264755017314878,0.544,0.137,3.976774483794e-208,"SNU719_DMSO","AC007405.1","novel transcript (FLJ13453)"
"50","CD44",8.88760842477967e-211,0.36669580387282,0.995,0.934,1.79822981258567e-206,"SNU719_DMSO","CD44","CD44 molecule (Indian blood group) [Source:HGNC Symbol;Acc:HGNC:1681]"
"51","TMEM54",8.24600424189042e-209,0.368586466864844,1,0.99,1.66841403826169e-204,"SNU719_DMSO","TMEM54","transmembrane protein 54 [Source:HGNC Symbol;Acc:HGNC:24143]"
"52","CARHSP1",4.94746322863176e-206,0.426226883733848,0.99,0.966,1.00102023504906e-201,"SNU719_DMSO","CARHSP1","calcium regulated heat stable protein 1 [Source:HGNC Symbol;Acc:HGNC:17150]"
"53","CENPV",2.82040367479358e-205,0.31510949114346,0.992,0.951,5.70652275520984e-201,"SNU719_DMSO","CENPV","centromere protein V [Source:HGNC Symbol;Acc:HGNC:29920]"
"54","SNRPF",7.54479165769029e-204,0.310897867624761,1,0.995,1.52653769610048e-199,"SNU719_DMSO","SNRPF","small nuclear ribonucleoprotein polypeptide F [Source:HGNC Symbol;Acc:HGNC:11162]"
"55","CBX3",3.91919374938286e-197,0.319219918271031,1,1,7.92970471312634e-193,"SNU719_DMSO","CBX3","chromobox 3 [Source:HGNC Symbol;Acc:HGNC:1553]"
"56","RPL36A",2.12291543817062e-196,0.386687720002089,1,0.999,4.29529480605062e-192,"SNU719_DMSO","RPL36A","ribosomal protein L36a [Source:HGNC Symbol;Acc:HGNC:10359]"
"57","CLDN2",3.99877686843533e-194,0.263447107798367,0.642,0.217,8.09072523790521e-190,"SNU719_DMSO","CLDN2","claudin 2 [Source:HGNC Symbol;Acc:HGNC:2041]"
"58","MT-CO3",2.68113010408025e-193,0.305296289408234,1,1,5.42473053958558e-189,"SNU719_DMSO","MT-CO3","mitochondrially encoded cytochrome c oxidase III [Source:HGNC Symbol;Acc:HGNC:7422]"
"59","ALDH3A1",3.23864917290836e-193,0.556640796844793,1,0.997,6.55275887154549e-189,"SNU719_DMSO","ALDH3A1","aldehyde dehydrogenase 3 family member A1 [Source:HGNC Symbol;Acc:HGNC:405]"
"60","H2AFJ",5.55026355986743e-189,0.460773376627022,0.99,0.975,1.12298482606798e-184,"SNU719_DMSO","H2AFJ","H2A histone family member J [Source:HGNC Symbol;Acc:HGNC:14456]"
"61","H2AFZ",9.97642023522627e-189,0.564083813860385,0.998,0.997,2.01852910619333e-184,"SNU719_DMSO","H2AFZ","H2A histone family member Z [Source:HGNC Symbol;Acc:HGNC:4741]"
"62","HMGB2",1.84690189436573e-187,0.611438971499237,0.861,0.516,3.73683660287017e-183,"SNU719_DMSO","HMGB2","high mobility group box 2 [Source:HGNC Symbol;Acc:HGNC:5000]"
"63","PXMP2",1.13421456590204e-186,0.272007776044439,0.882,0.654,2.29485633118961e-182,"SNU719_DMSO","PXMP2","peroxisomal membrane protein 2 [Source:HGNC Symbol;Acc:HGNC:9716]"
"64","SCD",8.83112161074199e-185,0.468981494109655,0.884,0.704,1.78680083550143e-180,"SNU719_DMSO","SCD","stearoyl-CoA desaturase [Source:HGNC Symbol;Acc:HGNC:10571]"
"65","STXBP6",2.21214682113472e-177,0.290327348609599,0.875,0.645,4.47583666320187e-173,"SNU719_DMSO","STXBP6","syntaxin binding protein 6 [Source:HGNC Symbol;Acc:HGNC:19666]"
"66","SNORC",1.66263067930964e-176,0.265391060723304,0.724,0.386,3.36400065344719e-172,"SNU719_DMSO","SNORC","secondary ossification center associated regulator of chondrocyte maturation [Source:HGNC Symbol;Acc:HGNC:33763]"
"67","NDUFC2",5.43010264898934e-176,0.292132098255216,0.995,0.992,1.09867266897001e-171,"SNU719_DMSO","NDUFC2","NADH:ubiquinone oxidoreductase subunit C2 [Source:HGNC Symbol;Acc:HGNC:7706]"
"68","HMGN2",2.33725435218765e-175,0.480904784302443,1,0.995,4.72896673078127e-171,"SNU719_DMSO","HMGN2","high mobility group nucleosomal binding domain 2 [Source:HGNC Symbol;Acc:HGNC:4986]"
"69","STARD10",5.38048143690798e-175,0.311384284921139,0.992,0.973,1.08863280912959e-170,"SNU719_DMSO","STARD10","StAR related lipid transfer domain containing 10 [Source:HGNC Symbol;Acc:HGNC:10666]"
"70","LYRM1",5.59634122270465e-175,0.390831688349638,0.976,0.929,1.13230771958983e-170,"SNU719_DMSO","LYRM1","LYR motif containing 1 [Source:HGNC Symbol;Acc:HGNC:25074]"
"71","AP1S1",1.27240437562397e-174,0.2807751108254,0.999,1,2.57445577319998e-170,"SNU719_DMSO","AP1S1","adaptor related protein complex 1 subunit sigma 1 [Source:HGNC Symbol;Acc:HGNC:559]"
"72","ID1",1.53998596430036e-174,0.689217132662276,0.966,0.91,3.11585360156892e-170,"SNU719_DMSO","ID1","inhibitor of DNA binding 1, HLH protein [Source:HGNC Symbol;Acc:HGNC:5360]"
"73","TKT",3.00325865380348e-173,0.365576708891459,0.966,0.916,6.07649323424057e-169,"SNU719_DMSO","TKT","transketolase [Source:HGNC Symbol;Acc:HGNC:11834]"
"74","REG4",2.23925681932781e-171,0.507972836546988,0.703,0.323,4.53068832254596e-167,"SNU719_DMSO","REG4","regenerating family member 4 [Source:HGNC Symbol;Acc:HGNC:22977]"
"75","ATP1A1",6.2634593899211e-170,0.333230850377101,0.989,0.942,1.26728573836274e-165,"SNU719_DMSO","ATP1A1","ATPase Na+/K+ transporting subunit alpha 1 [Source:HGNC Symbol;Acc:HGNC:799]"
"76","MRPL11",9.14991382054574e-169,0.256837900828225,0.985,0.968,1.85130206331102e-164,"SNU719_DMSO","MRPL11","mitochondrial ribosomal protein L11 [Source:HGNC Symbol;Acc:HGNC:14042]"
"77","ETHE1",4.77230151035061e-168,0.300683769369618,0.981,0.938,9.65579764589239e-164,"SNU719_DMSO","ETHE1","ETHE1 persulfide dioxygenase [Source:HGNC Symbol;Acc:HGNC:23287]"
"78","PCLAF",2.27619731795423e-167,0.417991351647344,0.875,0.511,4.6054300334168e-163,"SNU719_DMSO","PCLAF","PCNA clamp associated factor [Source:HGNC Symbol;Acc:HGNC:28961]"
"79","IER3IP1",5.11689994380411e-166,0.25601342179771,0.962,0.89,1.03530236562989e-161,"SNU719_DMSO","IER3IP1","immediate early response 3 interacting protein 1 [Source:HGNC Symbol;Acc:HGNC:18550]"
"80","CHPT1",9.53100176445188e-162,0.266032357401027,0.977,0.922,1.92840758700155e-157,"SNU719_DMSO","CHPT1","choline phosphotransferase 1 [Source:HGNC Symbol;Acc:HGNC:17852]"
"81","COX7B",2.47732310998798e-161,0.269927493730283,0.999,0.998,5.01236784843868e-157,"SNU719_DMSO","COX7B","cytochrome c oxidase subunit 7B [Source:HGNC Symbol;Acc:HGNC:2291]"
"82","HSPB1",5.46629230760152e-161,0.355763491663641,0.999,0.995,1.10599492259701e-156,"SNU719_DMSO","HSPB1","heat shock protein family B (small) member 1 [Source:HGNC Symbol;Acc:HGNC:5246]"
"83","EBPL",1.59574091907068e-160,0.27189911750559,0.985,0.955,3.22866260155571e-156,"SNU719_DMSO","EBPL","EBP like [Source:HGNC Symbol;Acc:HGNC:18061]"
"84","EPB41L2",4.64245124297202e-160,0.291687951071125,0.963,0.848,9.39307159990528e-156,"SNU719_DMSO","EPB41L2","erythrocyte membrane protein band 4.1 like 2 [Source:HGNC Symbol;Acc:HGNC:3379]"
"85","GAS6",2.42537803413578e-159,0.269812525140564,0.921,0.753,4.90726737646692e-155,"SNU719_DMSO","GAS6","growth arrest specific 6 [Source:HGNC Symbol;Acc:HGNC:4168]"
"86","BACE2",2.96891395685325e-155,0.293205313733932,0.995,0.979,6.00700360890118e-151,"SNU719_DMSO","BACE2","beta-secretase 2 [Source:HGNC Symbol;Acc:HGNC:934]"
"87","SIVA1",3.25700903437429e-154,0.322782015103976,0.998,0.997,6.58990637924949e-150,"SNU719_DMSO","SIVA1","SIVA1 apoptosis inducing factor [Source:HGNC Symbol;Acc:HGNC:17712]"
"88","CDCA7",5.93246384101021e-153,0.289127623711622,0.755,0.429,1.2003154089516e-148,"SNU719_DMSO","CDCA7","cell division cycle associated 7 [Source:HGNC Symbol;Acc:HGNC:14628]"
"89","TRABD2A",1.14495459900099e-152,0.254365023785956,0.869,0.654,2.31658664015871e-148,"SNU719_DMSO","TRABD2A","TraB domain containing 2A [Source:HGNC Symbol;Acc:HGNC:27013]"
"90","STMN1",1.92801901147838e-149,0.482043435317174,0.933,0.793,3.9009608659242e-145,"SNU719_DMSO","STMN1","stathmin 1 [Source:HGNC Symbol;Acc:HGNC:6510]"
"91","SRSF10",1.05355375241019e-148,0.29934584650239,0.989,0.976,2.13165530725153e-144,"SNU719_DMSO","SRSF10","serine and arginine rich splicing factor 10 [Source:HGNC Symbol;Acc:HGNC:16713]"
"92","CYB5A",3.91081727811295e-146,0.254585638475629,0.988,0.967,7.91275659880593e-142,"SNU719_DMSO","CYB5A","cytochrome b5 type A [Source:HGNC Symbol;Acc:HGNC:2570]"
"93","ATP5MC3",2.4144028028644e-144,0.256101950648674,0.999,0.998,4.88506119103554e-140,"SNU719_DMSO","ATP5MC3","ATP synthase membrane subunit c locus 3 [Source:HGNC Symbol;Acc:HGNC:843]"
"94","SRSF3",8.24784306061336e-142,0.300855129033808,0.994,0.985,1.6687860864539e-137,"SNU719_DMSO","SRSF3","serine and arginine rich splicing factor 3 [Source:HGNC Symbol;Acc:HGNC:10785]"
"95","ANP32B",8.35966832683827e-141,0.272543164605742,0.998,0.994,1.69141169256919e-136,"SNU719_DMSO","ANP32B","acidic nuclear phosphoprotein 32 family member B [Source:HGNC Symbol;Acc:HGNC:16677]"
"96","DUT",1.41382866124051e-139,0.332660802479308,0.96,0.918,2.86059953028792e-135,"SNU719_DMSO","DUT","deoxyuridine triphosphatase [Source:HGNC Symbol;Acc:HGNC:3078]"
"97","HMGB1",2.16231394391507e-137,0.390945696170215,1,1,4.37500980272336e-133,"SNU719_DMSO","HMGB1","high mobility group box 1 [Source:HGNC Symbol;Acc:HGNC:4983]"
"98","SNHG19",2.71980667707883e-137,0.278638709761241,0.915,0.773,5.5029848497336e-133,"SNU719_DMSO","SNHG19","small nucleolar RNA host gene 19 [Source:HGNC Symbol;Acc:HGNC:49574]"
"99","TYMS",3.30079996374723e-134,0.309084139243599,0.837,0.63,6.67850856664976e-130,"SNU719_DMSO","TYMS","thymidylate synthetase [Source:HGNC Symbol;Acc:HGNC:12441]"
"100","NPM1",1.49084570423452e-133,0.35141704154361,1,1,3.0164281133777e-129,"SNU719_DMSO","NPM1","nucleophosmin 1 [Source:HGNC Symbol;Acc:HGNC:7910]"
"101","ATP5IF1",2.31942191778693e-133,0.283090067245623,0.997,0.997,4.6928863662583e-129,"SNU719_DMSO","ATP5IF1","ATP synthase inhibitory factor subunit 1 [Source:HGNC Symbol;Acc:HGNC:871]"
"102","OAT",3.6766221151729e-133,0.253923717901931,0.924,0.83,7.43890952562932e-129,"SNU719_DMSO","OAT","ornithine aminotransferase [Source:HGNC Symbol;Acc:HGNC:8091]"
"103","H2AFV",3.312433245359e-129,0.279164526653151,0.999,0.995,6.70204618533486e-125,"SNU719_DMSO","H2AFV","H2A histone family member V [Source:HGNC Symbol;Acc:HGNC:20664]"
"104","CALR",1.78127086649386e-127,0.276603715194601,0.998,0.989,3.60404534417702e-123,"SNU719_DMSO","CALR","calreticulin [Source:HGNC Symbol;Acc:HGNC:1455]"
"105","TFDP1",3.70552838625505e-126,0.301887900722443,0.983,0.964,7.49739558390985e-122,"SNU719_DMSO","TFDP1","transcription factor Dp-1 [Source:HGNC Symbol;Acc:HGNC:11749]"
"106","JUNB",5.5652362407406e-125,0.288331789370652,0.92,0.802,1.12601424858905e-120,"SNU719_DMSO","JUNB","JunB proto-oncogene, AP-1 transcription factor subunit [Source:HGNC Symbol;Acc:HGNC:6205]"
"107","MYBL2",3.39302910444182e-122,0.30115675168455,0.711,0.377,6.86511578701714e-118,"SNU719_DMSO","MYBL2","MYB proto-oncogene like 2 [Source:HGNC Symbol;Acc:HGNC:7548]"
"108","INSIG1",1.90628755419573e-121,0.265157676946646,0.68,0.425,3.85699160840421e-117,"SNU719_DMSO","INSIG1","insulin induced gene 1 [Source:HGNC Symbol;Acc:HGNC:6083]"
"109","PRSS23",6.73223532736052e-111,0.336455031603209,0.812,0.649,1.36213317378485e-106,"SNU719_DMSO","PRSS23","serine protease 23 [Source:HGNC Symbol;Acc:HGNC:14370]"
"110","HIST1H4C",2.50114713772846e-110,0.660361400692236,0.976,0.962,5.06057100376599e-106,"SNU719_DMSO","HIST1H4C","histone cluster 1 H4 family member c [Source:HGNC Symbol;Acc:HGNC:4787]"
"111","SEZ6L2",4.75952092811485e-110,0.259371773839342,0.958,0.862,9.62993869385478e-106,"SNU719_DMSO","SEZ6L2","seizure related 6 homolog like 2 [Source:HGNC Symbol;Acc:HGNC:30844]"
"112","ATP1B1",6.16841125813026e-107,0.288285705239383,0.993,0.949,1.2480546498575e-102,"SNU719_DMSO","ATP1B1","ATPase Na+/K+ transporting subunit beta 1 [Source:HGNC Symbol;Acc:HGNC:804]"
"113","MT2A",1.80065886600868e-106,0.618934948317173,0.853,0.722,3.64327308359537e-102,"SNU719_DMSO","MT2A","metallothionein 2A [Source:HGNC Symbol;Acc:HGNC:7406]"
"114","KIF5B",7.74343444466626e-104,0.282159895021165,0.986,0.968,1.56672909118933e-99,"SNU719_DMSO","KIF5B","kinesin family member 5B [Source:HGNC Symbol;Acc:HGNC:6324]"
"115","DEK",1.39894749249049e-98,0.254470258915695,0.998,0.997,2.83049046155601e-94,"SNU719_DMSO","DEK","DEK proto-oncogene [Source:HGNC Symbol;Acc:HGNC:2768]"
"116","SNRPB",5.65202485568825e-97,0.267932775624711,0.991,0.99,1.1435741890514e-92,"SNU719_DMSO","SNRPB","small nuclear ribonucleoprotein polypeptides B and B1 [Source:HGNC Symbol;Acc:HGNC:11153]"
"117","AKR1C3",1.45371482397445e-95,0.301738522145286,0.906,0.779,2.94130120334751e-91,"SNU719_DMSO","AKR1C3","aldo-keto reductase family 1 member C3 [Source:HGNC Symbol;Acc:HGNC:386]"
"118","PCNA",8.41495255081763e-95,0.305906660314743,0.855,0.729,1.70259734960693e-90,"SNU719_DMSO","PCNA","proliferating cell nuclear antigen [Source:HGNC Symbol;Acc:HGNC:8729]"
"119","ELF3",1.59940840768786e-94,0.305545613060769,0.935,0.788,3.23608303127486e-90,"SNU719_DMSO","ELF3","E74 like ETS transcription factor 3 [Source:HGNC Symbol;Acc:HGNC:3318]"
"120","TOP2A",4.12260946135722e-90,0.369588817130007,0.621,0.325,8.34127572316407e-86,"SNU719_DMSO","TOP2A","DNA topoisomerase II alpha [Source:HGNC Symbol;Acc:HGNC:11989]"
"121","RANBP1",1.6338215723811e-89,0.322167325735973,0.98,0.968,3.30571118739869e-85,"SNU719_DMSO","RANBP1","RAN binding protein 1 [Source:HGNC Symbol;Acc:HGNC:9847]"
"122","PTTG1",2.36806682206206e-88,0.355400877680167,0.819,0.625,4.79130960107817e-84,"SNU719_DMSO","PTTG1","PTTG1 regulator of sister chromatid separation, securin [Source:HGNC Symbol;Acc:HGNC:9690]"
"123","LDHA",2.71718222340145e-88,0.297317603439668,0.996,0.984,5.49767479260815e-84,"SNU719_DMSO","LDHA","lactate dehydrogenase A [Source:HGNC Symbol;Acc:HGNC:6535]"
"124","NUCKS1",1.10938759985362e-83,0.272288401533643,0.983,0.968,2.24462393078384e-79,"SNU719_DMSO","NUCKS1","nuclear casein kinase and cyclin dependent kinase substrate 1 [Source:HGNC Symbol;Acc:HGNC:29923]"
"125","BIRC5",1.50538065666706e-79,0.288694983099155,0.657,0.397,3.04583668263447e-75,"SNU719_DMSO","BIRC5","baculoviral IAP repeat containing 5 [Source:HGNC Symbol;Acc:HGNC:593]"
"126","EIF5A",7.11721789839937e-73,0.412874576092003,0.987,0.957,1.44002669738314e-68,"SNU719_DMSO","EIF5A","eukaryotic translation initiation factor 5A [Source:HGNC Symbol;Acc:HGNC:3300]"
"127","CKS2",2.70589060306319e-37,0.262502544454482,0.954,0.932,5.47482845717775e-33,"SNU719_DMSO","CKS2","CDC28 protein kinase regulatory subunit 2 [Source:HGNC Symbol;Acc:HGNC:2000]"
"128","HNRNPH1",9.80989245040773e-26,0.266828584235052,0.913,0.87,1.984835539491e-21,"SNU719_DMSO","HNRNPH1","heterogeneous nuclear ribonucleoprotein H1 [Source:HGNC Symbol;Acc:HGNC:5041]"
"129","TMSB4X",0,1.02606514590745,1,0.992,0,"SNU719_Aza","TMSB4X","thymosin beta 4 X-linked [Source:HGNC Symbol;Acc:HGNC:11881]"
"130","C19orf33",0,0.944533394011705,0.997,0.987,0,"SNU719_Aza","C19orf33","chromosome 19 open reading frame 33 [Source:HGNC Symbol;Acc:HGNC:16668]"
"131","ADIRF",0,0.920951115017052,0.484,0,0,"SNU719_Aza","ADIRF","adipogenesis regulatory factor [Source:HGNC Symbol;Acc:HGNC:24043]"
"132","SQSTM1",0,0.811364748486505,0.995,0.961,0,"SNU719_Aza","SQSTM1","sequestosome 1 [Source:HGNC Symbol;Acc:HGNC:11280]"
"133","TNFRSF12A",0,0.793130371746335,0.968,0.834,0,"SNU719_Aza","TNFRSF12A","TNF receptor superfamily member 12A [Source:HGNC Symbol;Acc:HGNC:18152]"
"134","ANXA2",0,0.776250416485733,0.998,0.991,0,"SNU719_Aza","ANXA2","annexin A2 [Source:HGNC Symbol;Acc:HGNC:537]"
"135","S100P",0,0.641565328325354,0.603,0.069,0,"SNU719_Aza","S100P","S100 calcium binding protein P [Source:HGNC Symbol;Acc:HGNC:10504]"
"136","DCBLD2",0,0.630564399891105,0.859,0.504,0,"SNU719_Aza","DCBLD2","discoidin, CUB and LCCL domain containing 2 [Source:HGNC Symbol;Acc:HGNC:24627]"
"137","TMEM238",0,0.604226464713945,0.965,0.75,0,"SNU719_Aza","TMEM238","transmembrane protein 238 [Source:HGNC Symbol;Acc:HGNC:40042]"
"138","METRN",0,0.494714095263227,0.967,0.822,0,"SNU719_Aza","METRN","meteorin, glial cell differentiation regulator [Source:HGNC Symbol;Acc:HGNC:14151]"
"139","PMEPA1",0,0.492312689152144,0.772,0.131,0,"SNU719_Aza","PMEPA1","prostate transmembrane protein, androgen induced 1 [Source:HGNC Symbol;Acc:HGNC:14107]"
"140","SAP25",0,0.423443276574994,0.565,0.036,0,"SNU719_Aza","SAP25","Sin3A associated protein 25 [Source:HGNC Symbol;Acc:HGNC:41908]"
"141","RPS23",0,0.339996106284066,1,1,0,"SNU719_Aza","RPS23","ribosomal protein S23 [Source:HGNC Symbol;Acc:HGNC:10410]"
"142","TPT1",0,0.330644380501929,1,1,0,"SNU719_Aza","TPT1","tumor protein, translationally-controlled 1 [Source:HGNC Symbol;Acc:HGNC:12022]"
"143","ARPC1B",1.97876313072407e-265,0.562235177891203,0.975,0.874,4.003631442394e-261,"SNU719_Aza","ARPC1B","actin related protein 2/3 complex subunit 1B [Source:HGNC Symbol;Acc:HGNC:704]"
"144","IL32",5.37534287017152e-265,0.595624262490621,0.978,0.924,1.0875931229218e-260,"SNU719_Aza","IL32","interleukin 32 [Source:HGNC Symbol;Acc:HGNC:16830]"
"145","PLEC",7.16926993911626e-265,0.518202711787069,0.887,0.605,1.45055838678139e-260,"SNU719_Aza","PLEC","plectin [Source:HGNC Symbol;Acc:HGNC:9069]"
"146","EPHA2",1.16683277309017e-264,0.423535795462596,0.903,0.626,2.36085274979334e-260,"SNU719_Aza","EPHA2","EPH receptor A2 [Source:HGNC Symbol;Acc:HGNC:3386]"
"147","ABHD2",8.71940624089852e-260,0.520897790296975,0.993,0.968,1.764197464721e-255,"SNU719_Aza","ABHD2","abhydrolase domain containing 2 [Source:HGNC Symbol;Acc:HGNC:18717]"
"148","HSD17B1",1.64819944798196e-258,0.251535710951356,0.551,0.099,3.33480194310189e-254,"SNU719_Aza","HSD17B1","hydroxysteroid 17-beta dehydrogenase 1 [Source:HGNC Symbol;Acc:HGNC:5210]"
"149","MTRNR2L8",5.32163092462326e-257,0.402497563087264,0.744,0.345,1.07672558497903e-252,"SNU719_Aza","MTRNR2L8","MT-RNR2 like 8 [Source:HGNC Symbol;Acc:HGNC:37165]"
"150","KRT18",1.2073625577606e-248,0.646572746796972,1,1,2.44285666311702e-244,"SNU719_Aza","KRT18","keratin 18 [Source:HGNC Symbol;Acc:HGNC:6430]"
"151","EPHB6",1.98592851146801e-244,0.312515041852581,0.443,0.033,4.01812915725323e-240,"SNU719_Aza","EPHB6","EPH receptor B6 [Source:HGNC Symbol;Acc:HGNC:3396]"
"152","AREG",3.36960904736868e-244,0.881374378057038,0.791,0.412,6.81772998554104e-240,"SNU719_Aza","AREG","amphiregulin [Source:HGNC Symbol;Acc:HGNC:651]"
"153","TFF3",8.19558798831328e-236,0.473946074270736,0.442,0.04,1.65821331767543e-231,"SNU719_Aza","TFF3","trefoil factor 3 [Source:HGNC Symbol;Acc:HGNC:11757]"
"154","FAM210B",8.74237285284724e-236,0.292404983244584,0.8,0.43,1.76884429931658e-231,"SNU719_Aza","FAM210B","family with sequence similarity 210 member B [Source:HGNC Symbol;Acc:HGNC:16102]"
"155","ANXA5",1.40609097383344e-235,0.327037175920537,0.731,0.319,2.84494386735719e-231,"SNU719_Aza","ANXA5","annexin A5 [Source:HGNC Symbol;Acc:HGNC:543]"
"156","EIF1",3.44865520534824e-230,0.436965776143804,1,1,6.9776640769811e-226,"SNU719_Aza","EIF1","eukaryotic translation initiation factor 1 [Source:HGNC Symbol;Acc:HGNC:3249]"
"157","BCL2L1",3.01120405992616e-222,0.368316334334317,0.976,0.889,6.0925691744486e-218,"SNU719_Aza","BCL2L1","BCL2 like 1 [Source:HGNC Symbol;Acc:HGNC:992]"
"158","DUSP4",1.87490327402355e-217,0.360855369313867,0.858,0.568,3.79349179433185e-213,"SNU719_Aza","DUSP4","dual specificity phosphatase 4 [Source:HGNC Symbol;Acc:HGNC:3070]"
"159","CD70",2.99078306942246e-216,0.394021018460903,0.617,0.224,6.05125138436247e-212,"SNU719_Aza","CD70","CD70 molecule [Source:HGNC Symbol;Acc:HGNC:11937]"
"160","OST4",2.85546370891488e-215,0.393593880541215,1,1,5.77745972224748e-211,"SNU719_Aza","OST4","oligosaccharyltransferase complex subunit 4, non-catalytic [Source:HGNC Symbol;Acc:HGNC:32483]"
"161","SELENOS",6.54980106412841e-213,0.367109199329797,0.939,0.793,1.3252212493051e-208,"SNU719_Aza","SELENOS","selenoprotein S [Source:HGNC Symbol;Acc:HGNC:30396]"
"162","TFF1",1.92009579732644e-211,1.0857789845206,0.344,0.002,3.88492982673058e-207,"SNU719_Aza","TFF1","trefoil factor 1 [Source:HGNC Symbol;Acc:HGNC:11755]"
"163","EFNB2",7.99338344387957e-211,0.298607723819007,0.795,0.432,1.61730127220015e-206,"SNU719_Aza","EFNB2","ephrin B2 [Source:HGNC Symbol;Acc:HGNC:3227]"
"164","SERPINB1",2.43152338664881e-208,0.482112700126293,0.982,0.957,4.91970126820655e-204,"SNU719_Aza","SERPINB1","serpin family B member 1 [Source:HGNC Symbol;Acc:HGNC:3311]"
"165","KRT10",3.37780043158636e-206,0.408463710679119,0.99,0.963,6.83430361322868e-202,"SNU719_Aza","KRT10","keratin 10 [Source:HGNC Symbol;Acc:HGNC:6413]"
"166","MISP",6.4189634872632e-200,0.290307504408079,0.842,0.54,1.29874888237796e-195,"SNU719_Aza","MISP","mitotic spindle positioning [Source:HGNC Symbol;Acc:HGNC:27000]"
"167","S100A10",2.2976405170867e-196,0.603950854157941,1,0.999,4.64881605822152e-192,"SNU719_Aza","S100A10","S100 calcium binding protein A10 [Source:HGNC Symbol;Acc:HGNC:10487]"
"168","LGALS1",4.71070753441595e-195,1.1510775889957,0.829,0.586,9.5311745543838e-191,"SNU719_Aza","LGALS1","galectin 1 [Source:HGNC Symbol;Acc:HGNC:6561]"
"169","SNF8",1.19106701902012e-193,0.309660321916949,0.992,0.985,2.4098858995834e-189,"SNU719_Aza","SNF8","SNF8 subunit of ESCRT-II [Source:HGNC Symbol;Acc:HGNC:17028]"
"170","CCK",4.92520650705052e-193,0.932001351741799,0.893,0.679,9.96517032571532e-189,"SNU719_Aza","CCK","cholecystokinin [Source:HGNC Symbol;Acc:HGNC:1569]"
"171","FLNA",2.06182539317249e-192,0.295744662214648,0.764,0.42,4.17169131800589e-188,"SNU719_Aza","FLNA","filamin A [Source:HGNC Symbol;Acc:HGNC:3754]"
"172","BRI3",3.51894278139227e-188,0.327036576456509,1,0.998,7.11987692959097e-184,"SNU719_Aza","BRI3","brain protein I3 [Source:HGNC Symbol;Acc:HGNC:1109]"
"173","CYP1B1",5.24826782696757e-187,0.501505549217133,0.592,0.228,1.06188202943035e-182,"SNU719_Aza","CYP1B1","cytochrome P450 family 1 subfamily B member 1 [Source:HGNC Symbol;Acc:HGNC:2597]"
"174","DAD1",1.09003860363623e-186,0.360987940638433,0.997,0.986,2.20547510673718e-182,"SNU719_Aza","DAD1","defender against cell death 1 [Source:HGNC Symbol;Acc:HGNC:2664]"
"175","GPRC5A",4.84609861283327e-186,0.439552766833923,0.909,0.713,9.80511132334554e-182,"SNU719_Aza","GPRC5A","G protein-coupled receptor class C group 5 member A [Source:HGNC Symbol;Acc:HGNC:9836]"
"176","NEAT1",7.02352678232649e-186,0.654973229935087,0.999,0.997,1.42107017386812e-181,"SNU719_Aza","NEAT1","nuclear paraspeckle assembly transcript 1 [Source:HGNC Symbol;Acc:HGNC:30815]"
"177","CHMP2A",4.98654509602345e-184,0.323324347827475,0.972,0.893,1.00892766927843e-179,"SNU719_Aza","CHMP2A","charged multivesicular body protein 2A [Source:HGNC Symbol;Acc:HGNC:30216]"
"178","SVIL",4.79465614808038e-181,0.316462910112107,0.895,0.7,9.70102778441104e-177,"SNU719_Aza","SVIL","supervillin [Source:HGNC Symbol;Acc:HGNC:11480]"
"179","CCND1",4.86164875834894e-181,0.428597595205495,0.985,0.966,9.83657393276741e-177,"SNU719_Aza","CCND1","cyclin D1 [Source:HGNC Symbol;Acc:HGNC:1582]"
"180","KRT8",2.08349977373807e-180,0.404964806536401,1,1,4.21554509220425e-176,"SNU719_Aza","KRT8","keratin 8 [Source:HGNC Symbol;Acc:HGNC:6446]"
"181","RABAC1",1.32544357036545e-178,0.353574521656896,0.96,0.861,2.68176997592041e-174,"SNU719_Aza","RABAC1","Rab acceptor 1 [Source:HGNC Symbol;Acc:HGNC:9794]"
"182","TAF10",8.95745615571439e-176,0.285241755258029,0.918,0.768,1.81236210398569e-171,"SNU719_Aza","TAF10","TATA-box binding protein associated factor 10 [Source:HGNC Symbol;Acc:HGNC:11543]"
"183","RRAS",1.70709406284362e-170,0.326558497976691,0.856,0.669,3.4539634173515e-166,"SNU719_Aza","RRAS","RAS related [Source:HGNC Symbol;Acc:HGNC:10447]"
"184","STK17A",8.81131869322052e-169,0.335744862535012,0.891,0.708,1.78279411119931e-164,"SNU719_Aza","STK17A","serine/threonine kinase 17a [Source:HGNC Symbol;Acc:HGNC:11395]"
"185","SLC2A1",2.70927994023245e-167,0.326434325873686,0.745,0.447,5.48168610307231e-163,"SNU719_Aza","SLC2A1","solute carrier family 2 member 1 [Source:HGNC Symbol;Acc:HGNC:11005]"
"186","CEACAM6",4.15895919762226e-165,0.759154917299714,0.755,0.438,8.41482214454911e-161,"SNU719_Aza","CEACAM6","carcinoembryonic antigen related cell adhesion molecule 6 [Source:HGNC Symbol;Acc:HGNC:1818]"
"187","BIRC3",4.27949532225586e-165,0.48934716581172,0.781,0.513,8.65870288552027e-161,"SNU719_Aza","BIRC3","baculoviral IAP repeat containing 3 [Source:HGNC Symbol;Acc:HGNC:591]"
"188","EGFR",3.58879126518392e-164,0.36233222304783,0.807,0.561,7.26120136684663e-160,"SNU719_Aza","EGFR","epidermal growth factor receptor [Source:HGNC Symbol;Acc:HGNC:3236]"
"189","KLK6",9.19469707154657e-164,0.319532076728606,0.365,0.05,1.86036305848602e-159,"SNU719_Aza","KLK6","kallikrein related peptidase 6 [Source:HGNC Symbol;Acc:HGNC:6367]"
"190","AP001453.2",2.9342775871736e-162,0.336914617339555,0.82,0.596,5.93692384212835e-158,"SNU719_Aza","AP001453.2","novel transcript"
"191","EMP1",4.15306848024722e-160,0.264871749005866,0.56,0.199,8.4029034560842e-156,"SNU719_Aza","EMP1","epithelial membrane protein 1 [Source:HGNC Symbol;Acc:HGNC:3333]"
"192","COMMD6",4.03930678295157e-159,0.277804000442214,1,0.999,8.17272941394591e-155,"SNU719_Aza","COMMD6","COMM domain containing 6 [Source:HGNC Symbol;Acc:HGNC:24015]"
"193","CHPF",9.79012066304233e-159,0.295788660050494,0.894,0.716,1.98083511375336e-154,"SNU719_Aza","CHPF","chondroitin polymerizing factor [Source:HGNC Symbol;Acc:HGNC:24291]"
"194","ZFAS1",6.81563778900729e-157,0.385832173639148,1,1,1.37900799384985e-152,"SNU719_Aza","ZFAS1","ZNFX1 antisense RNA 1 [Source:HGNC Symbol;Acc:HGNC:33101]"
"195","PHLDA2",6.25516202552168e-156,0.495926957899906,0.987,0.963,1.2656069326238e-151,"SNU719_Aza","PHLDA2","pleckstrin homology like domain family A member 2 [Source:HGNC Symbol;Acc:HGNC:12385]"
"196","PDLIM1",2.27560078096894e-154,0.295817219556601,0.955,0.839,4.60422306013445e-150,"SNU719_Aza","PDLIM1","PDZ and LIM domain 1 [Source:HGNC Symbol;Acc:HGNC:2067]"
"197","HSP90AA1",4.10810771248703e-152,0.470441802344604,1,1,8.31193433467501e-148,"SNU719_Aza","HSP90AA1","heat shock protein 90 alpha family class A member 1 [Source:HGNC Symbol;Acc:HGNC:5253]"
"198","FTH1",1.16016483120928e-150,0.457001019348441,1,1,2.34736150298573e-146,"SNU719_Aza","FTH1","ferritin heavy chain 1 [Source:HGNC Symbol;Acc:HGNC:3976]"
"199","DSP",1.64139867307646e-149,0.293434046538936,0.936,0.792,3.3210419352356e-145,"SNU719_Aza","DSP","desmoplakin [Source:HGNC Symbol;Acc:HGNC:3052]"
"200","AP3D1",2.65795762104476e-149,0.251067686771005,0.934,0.787,5.37784565465987e-145,"SNU719_Aza","AP3D1","adaptor related protein complex 3 subunit delta 1 [Source:HGNC Symbol;Acc:HGNC:568]"
"201","HES6",6.48007447814715e-149,0.300187576192359,0.789,0.525,1.31111346916351e-144,"SNU719_Aza","HES6","hes family bHLH transcription factor 6 [Source:HGNC Symbol;Acc:HGNC:18254]"
"202","IFI6",9.49904121207362e-149,0.314004835233323,0.56,0.221,1.92194100843885e-144,"SNU719_Aza","IFI6","interferon alpha inducible protein 6 [Source:HGNC Symbol;Acc:HGNC:4054]"
"203","PPP1R11",1.76890354963168e-145,0.277565290565885,0.912,0.781,3.57902255196978e-141,"SNU719_Aza","PPP1R11","protein phosphatase 1 regulatory inhibitor subunit 11 [Source:HGNC Symbol;Acc:HGNC:9285]"
"204","SERP1",8.56640125524757e-145,0.350680079468623,0.999,0.996,1.73323996597424e-140,"SNU719_Aza","SERP1","stress associated endoplasmic reticulum protein 1 [Source:HGNC Symbol;Acc:HGNC:10759]"
"205","FAAP20",3.38725551809146e-144,0.256596821995743,0.995,0.972,6.85343408975445e-140,"SNU719_Aza","FAAP20","FA core complex associated protein 20 [Source:HGNC Symbol;Acc:HGNC:26428]"
"206","KLF6",1.55649509154262e-143,0.475634065091928,0.9,0.779,3.14925651871819e-139,"SNU719_Aza","KLF6","Kruppel like factor 6 [Source:HGNC Symbol;Acc:HGNC:2235]"
"207","ROCK2",1.92702638296074e-141,0.277075806857111,0.948,0.817,3.89895248064447e-137,"SNU719_Aza","ROCK2","Rho associated coiled-coil containing protein kinase 2 [Source:HGNC Symbol;Acc:HGNC:10252]"
"208","ZNF593",2.8962920038972e-141,0.254987083947177,0.992,0.974,5.8600676114852e-137,"SNU719_Aza","ZNF593","zinc finger protein 593 [Source:HGNC Symbol;Acc:HGNC:30943]"
"209","DNAJC15",1.24232886735824e-139,0.419760333921681,0.999,0.995,2.51360399732593e-135,"SNU719_Aza","DNAJC15","DnaJ heat shock protein family (Hsp40) member C15 [Source:HGNC Symbol;Acc:HGNC:20325]"
"210","PAGE2B",3.57282692662146e-139,0.489362668995905,0.235,0,7.2289007206332e-135,"SNU719_Aza","PAGE2B","PAGE family member 2B [Source:HGNC Symbol;Acc:HGNC:31805]"
"211","JOSD2",3.98165053280535e-138,0.272339327045772,0.937,0.844,8.05607352302507e-134,"SNU719_Aza","JOSD2","Josephin domain containing 2 [Source:HGNC Symbol;Acc:HGNC:28853]"
"212","MAP1LC3B",4.10367447720524e-138,0.41020854006608,0.953,0.873,8.30296456972937e-134,"SNU719_Aza","MAP1LC3B","microtubule associated protein 1 light chain 3 beta [Source:HGNC Symbol;Acc:HGNC:13352]"
"213","VMP1",4.19448518667088e-138,0.28867440051761,0.985,0.953,8.48670187819119e-134,"SNU719_Aza","VMP1","vacuole membrane protein 1 [Source:HGNC Symbol;Acc:HGNC:29559]"
"214","EFHD2",7.76124826141668e-136,0.358571216758966,0.985,0.945,1.57033336073244e-131,"SNU719_Aza","EFHD2","EF-hand domain family member D2 [Source:HGNC Symbol;Acc:HGNC:28670]"
"215","AKAP12",2.52881326025928e-135,0.286287513897759,0.229,0,5.11654786948261e-131,"SNU719_Aza","AKAP12","A-kinase anchoring protein 12 [Source:HGNC Symbol;Acc:HGNC:370]"
"216","TMEM208",3.24995721958528e-134,0.260528487583731,0.959,0.866,6.5756384423869e-130,"SNU719_Aza","TMEM208","transmembrane protein 208 [Source:HGNC Symbol;Acc:HGNC:25015]"
"217","AHNAK",6.05134539888239e-133,0.348956667361667,0.895,0.756,1.22436871455587e-128,"SNU719_Aza","AHNAK","AHNAK nucleoprotein [Source:HGNC Symbol;Acc:HGNC:347]"
"218","SYNGR2",2.7482318166394e-132,0.25815482549637,0.991,0.974,5.56049743460651e-128,"SNU719_Aza","SYNGR2","synaptogyrin 2 [Source:HGNC Symbol;Acc:HGNC:11499]"
"219","LAMC2",8.68533457568456e-132,0.253420173326854,0.625,0.316,1.75730374469826e-127,"SNU719_Aza","LAMC2","laminin subunit gamma 2 [Source:HGNC Symbol;Acc:HGNC:6493]"
"220","C1orf122",2.36572046216807e-131,0.29695958088106,0.967,0.916,4.78656221110466e-127,"SNU719_Aza","C1orf122","chromosome 1 open reading frame 122 [Source:HGNC Symbol;Acc:HGNC:24789]"
"221","GDF15",1.58431073389117e-125,0.577163732027524,0.956,0.888,3.20553590788201e-121,"SNU719_Aza","GDF15","growth differentiation factor 15 [Source:HGNC Symbol;Acc:HGNC:30142]"
"222","DRAP1",3.67473207754061e-124,0.264298400322655,0.98,0.94,7.43508541248792e-120,"SNU719_Aza","DRAP1","DR1 associated protein 1 [Source:HGNC Symbol;Acc:HGNC:3019]"
"223","SMIM22",7.4851826858949e-123,0.312486795454912,0.808,0.628,1.51447701283711e-118,"SNU719_Aza","SMIM22","small integral membrane protein 22 [Source:HGNC Symbol;Acc:HGNC:48329]"
"224","NMB",3.83921150800136e-122,0.26446465617992,0.791,0.58,7.76787664413915e-118,"SNU719_Aza","NMB","neuromedin B [Source:HGNC Symbol;Acc:HGNC:7842]"
"225","ACTN4",6.95173827897565e-120,0.263852812134642,0.999,0.993,1.40654520598514e-115,"SNU719_Aza","ACTN4","actinin alpha 4 [Source:HGNC Symbol;Acc:HGNC:166]"
"226","S100A4",9.94651607645041e-119,0.532387837349956,0.492,0.205,2.01247859774821e-114,"SNU719_Aza","S100A4","S100 calcium binding protein A4 [Source:HGNC Symbol;Acc:HGNC:10494]"
"227","PPDPF",2.68204978148817e-118,0.299631121916111,1,1,5.42659132288502e-114,"SNU719_Aza","PPDPF","pancreatic progenitor cell differentiation and proliferation factor [Source:HGNC Symbol;Acc:HGNC:16142]"
"228","PERP",5.93933281455637e-117,0.325581094328156,1,0.997,1.20170520836919e-112,"SNU719_Aza","PERP","p53 apoptosis effector related to PMP22 [Source:HGNC Symbol;Acc:HGNC:17637]"
"229","GAGE1",9.1092991544889e-117,0.308826485745315,0.329,0.075,1.84308449792774e-112,"SNU719_Aza","GAGE1","G antigen 1 [Source:HGNC Symbol;Acc:HGNC:4098]"
"230","FAM107B",2.11916505888335e-116,0.287155170377912,0.836,0.659,4.28770666363868e-112,"SNU719_Aza","FAM107B","family with sequence similarity 107 member B [Source:HGNC Symbol;Acc:HGNC:23726]"
"231","SOX4",6.78609398328584e-115,0.534640449871106,0.995,0.984,1.37303039563822e-110,"SNU719_Aza","SOX4","SRY-box transcription factor 4 [Source:HGNC Symbol;Acc:HGNC:11200]"
"232","SSR3",5.73314622562586e-113,0.28593162849092,0.987,0.971,1.15998747583088e-108,"SNU719_Aza","SSR3","signal sequence receptor subunit 3 [Source:HGNC Symbol;Acc:HGNC:11325]"
"233","MYL6",1.60027939101629e-112,0.350298643106583,0.999,0.993,3.23784529184326e-108,"SNU719_Aza","MYL6","myosin light chain 6 [Source:HGNC Symbol;Acc:HGNC:7587]"
"234","SEC61B",5.43007098100153e-111,0.276878241051713,0.998,0.995,1.09866626158604e-106,"SNU719_Aza","SEC61B","SEC61 translocon beta subunit [Source:HGNC Symbol;Acc:HGNC:16993]"
"235","KRT23",2.28625354733925e-109,0.520474577896239,0.733,0.539,4.62577680233151e-105,"SNU719_Aza","KRT23","keratin 23 [Source:HGNC Symbol;Acc:HGNC:6438]"
"236","ZFP36L1",7.32607897208672e-109,0.317170326703305,0.992,0.983,1.48228555842231e-104,"SNU719_Aza","ZFP36L1","ZFP36 ring finger protein like 1 [Source:HGNC Symbol;Acc:HGNC:1107]"
"237","CXCL8",4.03834824351236e-107,0.489692499635545,0.683,0.439,8.17079000109856e-103,"SNU719_Aza","CXCL8","C-X-C motif chemokine ligand 8 [Source:HGNC Symbol;Acc:HGNC:6025]"
"238","IGFL2",4.31615743097531e-107,0.376042181796226,0.36,0.1,8.73288133009234e-103,"SNU719_Aza","IGFL2","IGF like family member 2 [Source:HGNC Symbol;Acc:HGNC:32929]"
"239","PAGE1",8.98464567337295e-106,0.322879289432776,0.188,0.002,1.81786335909355e-101,"SNU719_Aza","PAGE1","PAGE family member 1 [Source:HGNC Symbol;Acc:HGNC:4107]"
"240","RTN4",1.11234815850646e-105,0.300954885644735,0.978,0.932,2.25061402910612e-101,"SNU719_Aza","RTN4","reticulon 4 [Source:HGNC Symbol;Acc:HGNC:14085]"
"241","MTRNR2L12",1.13777328357605e-105,0.252407801064509,0.783,0.621,2.30205668465942e-101,"SNU719_Aza","MTRNR2L12","MT-RNR2 like 12 [Source:HGNC Symbol;Acc:HGNC:37169]"
"242","ACTG1",3.36607467961621e-105,0.350335714524666,1,0.999,6.81057889926747e-101,"SNU719_Aza","ACTG1","actin gamma 1 [Source:HGNC Symbol;Acc:HGNC:144]"
"243","ATP6V0E1",5.42697416789236e-104,0.262703793627014,0.979,0.94,1.09803968338966e-99,"SNU719_Aza","ATP6V0E1","ATPase H+ transporting V0 subunit e1 [Source:HGNC Symbol;Acc:HGNC:863]"
"244","LY6D",6.94519428514588e-102,0.299828708325768,0.183,0.003,1.40522115971357e-97,"SNU719_Aza","LY6D","lymphocyte antigen 6 family member D [Source:HGNC Symbol;Acc:HGNC:13348]"
"245","TPM4",4.3981086903703e-97,0.305532735026231,0.986,0.971,8.89869331322623e-93,"SNU719_Aza","TPM4","tropomyosin 4 [Source:HGNC Symbol;Acc:HGNC:12013]"
"246","KRT19",5.76939658362887e-97,0.355982299712267,1,0.998,1.16732201076563e-92,"SNU719_Aza","KRT19","keratin 19 [Source:HGNC Symbol;Acc:HGNC:6436]"
"247","ODC1",1.91326256861069e-94,0.448351358881493,0.993,0.985,3.87110415507001e-90,"SNU719_Aza","ODC1","ornithine decarboxylase 1 [Source:HGNC Symbol;Acc:HGNC:8109]"
"248","S100A11",8.77198250097767e-94,0.400664197226009,1,1,1.77483521942281e-89,"SNU719_Aza","S100A11","S100 calcium binding protein A11 [Source:HGNC Symbol;Acc:HGNC:10488]"
"249","PI3",5.73937877680948e-87,0.430193174576256,0.377,0.132,1.16124850791186e-82,"SNU719_Aza","PI3","peptidase inhibitor 3 [Source:HGNC Symbol;Acc:HGNC:8947]"
"250","SEC11C",6.49424070866238e-86,0.275626576315406,0.96,0.929,1.31397972258366e-81,"SNU719_Aza","SEC11C","SEC11 homolog C, signal peptidase complex subunit [Source:HGNC Symbol;Acc:HGNC:23400]"
"251","CD9",1.21251619548699e-85,0.319943419399299,0.992,0.963,2.45328401832883e-81,"SNU719_Aza","CD9","CD9 molecule [Source:HGNC Symbol;Acc:HGNC:1709]"
"252","IER3",9.3579405195553e-85,0.356619952980726,0.891,0.776,1.89339210532162e-80,"SNU719_Aza","IER3","immediate early response 3 [Source:HGNC Symbol;Acc:HGNC:5392]"
"253","SH3BGRL3",6.30062927940804e-82,0.370738153271311,0.999,0.999,1.27480632210263e-77,"SNU719_Aza","SH3BGRL3","SH3 domain binding glutamate rich protein like 3 [Source:HGNC Symbol;Acc:HGNC:15568]"
"254","JPT1",1.16328175684535e-81,0.362552148902576,0.999,0.997,2.3536679786252e-77,"SNU719_Aza","JPT1","Jupiter microtubule associated homolog 1 [Source:HGNC Symbol;Acc:HGNC:14569]"
"255","LGALS3",9.60069333856629e-80,0.363842405547314,1,0.999,1.94250828319212e-75,"SNU719_Aza","LGALS3","galectin 3 [Source:HGNC Symbol;Acc:HGNC:6563]"
"256","BAMBI",1.34624047906039e-70,0.315597662702544,0.885,0.786,2.7238483612829e-66,"SNU719_Aza","BAMBI","BMP and activin membrane bound inhibitor [Source:HGNC Symbol;Acc:HGNC:30251]"
"257","MALAT1",8.17226866364503e-68,0.326638588671305,1,1,1.6534951187153e-63,"SNU719_Aza","MALAT1","metastasis associated lung adenocarcinoma transcript 1 [Source:HGNC Symbol;Acc:HGNC:29665]"
"258","TM4SF1",5.14116151628181e-65,0.365807271501973,0.879,0.792,1.0402112095893e-60,"SNU719_Aza","TM4SF1","transmembrane 4 L six family member 1 [Source:HGNC Symbol;Acc:HGNC:11853]"
"259","SPRR3",3.224963012127e-55,0.3305692487468,0.129,0.012,6.52506766243656e-51,"SNU719_Aza","SPRR3","small proline rich protein 3 [Source:HGNC Symbol;Acc:HGNC:11268]"
"260","SEC61G",2.65258398209629e-52,0.275681484055232,1,1,5.36697317097542e-48,"SNU719_Aza","SEC61G","SEC61 translocon gamma subunit [Source:HGNC Symbol;Acc:HGNC:18277]"
"261","EIF5",2.28281155324698e-49,0.253403977405742,0.995,0.983,4.61881261568461e-45,"SNU719_Aza","EIF5","eukaryotic translation initiation factor 5 [Source:HGNC Symbol;Acc:HGNC:3299]"
"262","LMO7",1.09605003333171e-48,0.300706923176161,0.953,0.918,2.21763803244004e-44,"SNU719_Aza","LMO7","LIM domain 7 [Source:HGNC Symbol;Acc:HGNC:6646]"
"263","CD63",5.77565234499746e-48,0.25428936145324,0.998,0.99,1.16858773896334e-43,"SNU719_Aza","CD63","CD63 molecule [Source:HGNC Symbol;Acc:HGNC:1692]"
"264","LINC02404",2.37318188723496e-39,0.485029711651767,0.341,0.185,4.8016589124425e-35,"SNU719_Aza","LINC02404","long intergenic non-protein coding RNA 2404 [Source:HGNC Symbol;Acc:HGNC:53331]"
"265","TIMP1",2.48263891997659e-37,0.335720076329076,0.992,0.969,5.02312332678863e-33,"SNU719_Aza","TIMP1","TIMP metallopeptidase inhibitor 1 [Source:HGNC Symbol;Acc:HGNC:11820]"
"266","ISG15",1.03042528302229e-35,0.370957317425011,0.957,0.94,2.084859475139e-31,"SNU719_Aza","ISG15","ISG15 ubiquitin like modifier [Source:HGNC Symbol;Acc:HGNC:4053]"
"267","SPINK4",3.38986181725996e-18,0.494992134951736,0.597,0.503,6.85870741486207e-14,"SNU719_Aza","SPINK4","serine peptidase inhibitor, Kazal type 4 [Source:HGNC Symbol;Acc:HGNC:16646]"
"268","CXCL5",6.97887573153517e-15,0.287279645001491,0.734,0.702,1.41203592676151e-10,"SNU719_Aza","CXCL5","C-X-C motif chemokine ligand 5 [Source:HGNC Symbol;Acc:HGNC:10642]"
